1,ejaukovic0@blogger.com,Tsonga,Gambia
2,lcrocetti1@sciencedaily.com,Tswana,Brazil
3,pcaslake2@google.com.br,Danish,Palestinian Territory
4,wocarmody3@eventbrite.com,Romanian,South Korea
5,kdumbare4@netlog.com,Hebrew,Russia
6,mburfoot5@indiatimes.com,Pashto,Solomon Islands
7,lmurdy6@ucla.edu,Malayalam,Philippines
8,wtedahl7@jugem.jp,Lao,Czech Republic
9,gplaskitt8@cpanel.net,Swahili,Ghana
10,bwellwood9@mozilla.org,Haitian Creole,United States
11,lmallowsa@sciencedaily.com,Luxembourgish,Greece
12,nbiggsb@google.pl,Tok Pisin,Morocco
13,cprentyc@earthlink.net,Tok Pisin,China
14,ecoringtond@jiathis.com,Telugu,Czech Republic
15,kmadlee@skyrock.com,French,Peru
16,hbayntonf@phoca.cz,Malay,Indonesia
17,afishwickg@ft.com,Moldovan,Serbia
18,criglarh@mapy.cz,Arabic,China
19,rfrancesconii@wisc.edu,Czech,Philippines
20,mcastellaccioj@dailymotion.com,Kurdish,Philippines
21,djindacekk@ameblo.jp,Amharic,Vietnam
22,tfilipiakl@auda.org.au,Italian,China
23,gberkam@biglobe.ne.jp,Tetum,Brazil
24,fstratleyn@sohu.com,Norwegian,Colombia
25,wstillyo@patch.com,French,Tunisia
26,vsabertonp@etsy.com,New Zealand Sign Language,Poland
27,kauldq@github.com,Estonian,Indonesia
28,aweighr@bandcamp.com,Somali,Indonesia
29,gmahoneys@meetup.com,Norwegian,Cuba
30,hocuddiet@indiegogo.com,Lithuanian,Sri Lanka
31,fderringtonu@friendfeed.com,Dzongkha,Indonesia
32,epetrovskyv@cpanel.net,Guaraní,Tajikistan
33,bkarlqvistw@163.com,Maltese,Mexico
34,kjancyx@free.fr,Khmer,Philippines
35,mitzkovy@delicious.com,Dari,Indonesia
36,etremolletz@adobe.com,Marathi,Vietnam
37,dhullett10@printfriendly.com,Icelandic,Tanzania
38,mlovelady11@cnbc.com,Oriya,Kazakhstan
39,gismail12@dion.ne.jp,Quechua,Croatia
40,jmaccart13@infoseek.co.jp,Māori,Thailand
41,blightbourn14@twitter.com,Filipino,Azerbaijan
42,rmallinar15@infoseek.co.jp,Maltese,Philippines
43,kcaldaro16@shinystat.com,Dhivehi,United States
44,ayeardsley17@who.int,Papiamento,Peru
45,lkringe18@opera.com,Persian,Philippines
46,johannay19@disqus.com,Tok Pisin,Poland
47,fdysart1a@ftc.gov,Persian,Slovenia
48,bbryde1b@mozilla.com,Swedish,China
49,chaysman1c@tinypic.com,Portuguese,China
50,pheggs1d@so-net.ne.jp,Guaraní,Azerbaijan
51,mannakin1e@discovery.com,Belarusian,France
52,uhardypiggin1f@bloomberg.com,Luxembourgish,Philippines
53,kdimnage1g@unicef.org,Chinese,Saudi Arabia
54,alabrow1h@techcrunch.com,Spanish,Dominican Republic
55,fscrivens1i@europa.eu,Oriya,Russia
56,rswepstone1j@amazonaws.com,Swedish,Brazil
57,cbrusby1k@smh.com.au,Kyrgyz,Indonesia
58,lmcgougan1l@cnn.com,Telugu,United States
59,allorente1m@google.com.hk,Latvian,China
60,dbelsher1n@goo.ne.jp,Polish,Central African Republic
61,kabthorpe1o@xinhuanet.com,Northern Sotho,China
62,hjosef1p@smugmug.com,Kashmiri,China
63,lskate1q@blogger.com,Tajik,China
64,sisacoff1r@economist.com,Dutch,Ukraine
65,aswinnard1s@mac.com,Portuguese,Chile
66,aginity1t@amazon.de,Malay,France
67,eforsey1u@dell.com,Lao,Yemen
68,schalder1v@paginegialle.it,Tajik,Russia
69,rplacstone1w@dagondesign.com,West Frisian,Colombia
70,wscanterbury1x@columbia.edu,Spanish,Serbia
71,rbellon1y@edublogs.org,New Zealand Sign Language,Japan
72,alanigan1z@yahoo.co.jp,Guaraní,China
73,jcartwright20@purevolume.com,Papiamento,Indonesia
74,tflasby21@cornell.edu,Portuguese,Brazil
75,srowles22@hao123.com,Macedonian,Russia
76,jgodfray23@sciencedirect.com,Estonian,China
77,whandasyde24@etsy.com,Ndebele,Indonesia
78,amedler25@marriott.com,Nepali,Poland
79,apittman26@foxnews.com,Albanian,China
80,beickhoff27@disqus.com,Dzongkha,Norway
81,agarter28@moonfruit.com,Hebrew,Zimbabwe
82,gchrestien29@mashable.com,Czech,France
83,dkristiansen2a@narod.ru,Azeri,China
84,gchristophersen2b@hubpages.com,Armenian,China
85,nalmey2c@addtoany.com,Khmer,Brazil
86,ybownass2d@wordpress.com,French,Argentina
87,thaldin2e@soundcloud.com,Telugu,Croatia
88,bplume2f@apple.com,Polish,Czech Republic
89,brodrig2g@nba.com,Afrikaans,Czech Republic
90,mrobbel2h@yahoo.com,Guaraní,Argentina
91,goxton2i@google.cn,Tajik,Russia
92,jlimb2j@businessweek.com,Korean,Indonesia
93,cgalero2k@hibu.com,West Frisian,China
94,mchesshire2l@cdc.gov,Khmer,China
95,trowley2m@fema.gov,Kashmiri,Brazil
96,sblackledge2n@goo.gl,Icelandic,Albania
97,mwalkden2o@cornell.edu,Bislama,Democratic Republic of the Congo
98,dgreer2p@mozilla.com,Bosnian,Brazil
99,aaimson2q@goo.gl,Czech,Philippines
100,tlocksley2r@ibm.com,Indonesian,Nigeria
101,vmustard2s@storify.com,Tamil,Czech Republic
102,gsellor2t@squidoo.com,Maltese,Russia
103,dpailin2u@admin.ch,Dutch,Tanzania
104,bmoralee2v@hhs.gov,Polish,Colombia
105,jgilford2w@newyorker.com,Romanian,Germany
106,wcupper2x@spiegel.de,Dutch,Indonesia
107,cmckague2y@mediafire.com,Ndebele,Brazil
108,ebastistini2z@a8.net,Icelandic,Tajikistan
109,alindores30@discovery.com,Moldovan,China
110,mzorzi31@issuu.com,Georgian,United States
111,wvanderbaaren32@china.com.cn,Belarusian,Yemen
112,wdunnett33@infoseek.co.jp,Italian,Greece
113,fcudby34@booking.com,Luxembourgish,Peru
114,nrayne35@thetimes.co.uk,Lithuanian,Japan
115,pzelner36@ihg.com,Polish,Papua New Guinea
116,tfechnie37@blogspot.com,Finnish,Sweden
117,cjacobsson38@ed.gov,Sotho,Lebanon
118,jharbidge39@pcworld.com,Azeri,Equatorial Guinea
119,cbiles3a@state.gov,Montenegrin,Philippines
120,emillins3b@merriam-webster.com,Aymara,Indonesia
121,rchyuerton3c@archive.org,Dutch,Macedonia
122,bcheater3d@nba.com,Tetum,Indonesia
123,bschmidt3e@altervista.org,Dutch,Indonesia
124,srigolle3f@upenn.edu,Somali,Brazil
125,tbaitson3g@typepad.com,Somali,Croatia
126,balves3h@paypal.com,Luxembourgish,Indonesia
127,tbrusin3i@google.co.jp,Kyrgyz,Philippines
128,bshearsby3j@ning.com,Croatian,Brazil
129,bsyfax3k@lulu.com,Luxembourgish,Armenia
130,acropper3l@google.com.hk,Malayalam,China
131,ydiggins3m@tamu.edu,Quechua,China
132,anisco3n@washington.edu,Fijian,China
133,vkares3o@intel.com,Azeri,Croatia
134,lmapp3p@elegantthemes.com,Gagauz,China
135,nleynton3q@multiply.com,Persian,Sweden
136,sthoms3r@china.com.cn,Kyrgyz,Russia
137,rscolts3s@google.it,Yiddish,Japan
138,tmotherwell3t@hhs.gov,Icelandic,China
139,nbevens3u@google.it,Guaraní,Palestinian Territory
140,lfriett3v@craigslist.org,Sotho,Democratic Republic of the Congo
141,mknappe3w@eventbrite.com,Bosnian,Peru
142,lmingame3x@earthlink.net,Tamil,Greece
143,odifranceshci3y@homestead.com,Aymara,China
144,agasparro3z@symantec.com,Khmer,Luxembourg
145,aleeke40@prlog.org,Guaraní,China
146,aavrahamof41@tumblr.com,Sotho,Indonesia
147,jmarielle42@bravesites.com,Yiddish,Brazil
148,hdresche43@bandcamp.com,Tetum,Mexico
149,amowat44@qq.com,Thai,United States
150,csiman45@homestead.com,Fijian,Cuba
151,dgosneye46@plala.or.jp,Pashto,Poland
152,mshepheard47@ihg.com,Aymara,Indonesia
153,eskpsey48@rambler.ru,Tswana,Czech Republic
154,aottawell49@ameblo.jp,Norwegian,Norway
155,lklinck4a@ucsd.edu,Hungarian,South Africa
156,vyellep4b@merriam-webster.com,Korean,Honduras
157,acolaton4c@usnews.com,Kannada,China
158,rsicha4d@wikia.com,Kannada,China
159,dgreenstreet4e@gov.uk,Kashmiri,Thailand
160,jpavelin4f@adobe.com,Kannada,Venezuela
161,rorteaux4g@answers.com,Icelandic,Poland
162,lbentke4h@pagesperso-orange.fr,Swati,Norway
163,sgenner4i@answers.com,Pashto,China
164,gmcclosh4j@jigsy.com,Greek,China
165,kspikeings4k@yahoo.co.jp,Tok Pisin,Brazil
166,dleaning4l@google.com,Icelandic,Thailand
167,wjefferd4m@vk.com,Finnish,Indonesia
168,flarge4n@etsy.com,Finnish,Brazil
169,jsturch4o@t-online.de,Irish Gaelic,Indonesia
170,lkitman4p@sogou.com,Kazakh,Sweden
171,hclogg4q@columbia.edu,Irish Gaelic,Malaysia
172,thakes4r@theglobeandmail.com,Chinese,Japan
173,grawsen4s@ning.com,Amharic,Russia
174,sbentke4t@yellowbook.com,Belarusian,Bahrain
175,bmccrainor4u@bbc.co.uk,Hebrew,Indonesia
176,ospata4v@dropbox.com,Sotho,Haiti
177,ldurbridge4w@smugmug.com,Azeri,Poland
178,awadham4x@hibu.com,Bengali,New Zealand
179,amussalli4y@imageshack.us,Tamil,Chile
180,cdougharty4z@pen.io,Romanian,Indonesia
181,cgandar50@sciencedirect.com,Filipino,Indonesia
182,sbunney51@youku.com,Bulgarian,Egypt
183,flinnane52@stanford.edu,English,China
184,ywrennall53@geocities.com,Gujarati,Philippines
185,krowbotham54@washington.edu,Marathi,South Africa
186,blanfer55@nationalgeographic.com,Latvian,Indonesia
187,vfurze56@ucla.edu,Japanese,Thailand
188,apeegrem57@biglobe.ne.jp,Somali,Mozambique
189,mmargeram58@globo.com,English,Brazil
190,cstorrie59@nytimes.com,Latvian,Tunisia
191,bduester5a@twitpic.com,Bulgarian,Philippines
192,ekinzett5b@nymag.com,Dutch,Mexico
193,smacallester5c@google.de,Lithuanian,Poland
194,rsummerscales5d@dmoz.org,English,China
195,opassy5e@lulu.com,Finnish,Afghanistan
196,chadwen5f@smugmug.com,Catalan,Russia
197,fglassopp5g@miibeian.gov.cn,Dhivehi,Peru
198,jknoles5h@independent.co.uk,Burmese,Russia
199,mrosbotham5i@addtoany.com,Amharic,Indonesia
200,pboc5j@washingtonpost.com,Lao,China
201,jsquirrell5k@guardian.co.uk,Korean,Argentina
202,ajay5l@answers.com,Bulgarian,China
203,clewcock5m@constantcontact.com,Kyrgyz,China
204,gbirks5n@who.int,Papiamento,Pakistan
205,acoules5o@dagondesign.com,Finnish,Sweden
206,dmallebone5p@google.co.jp,English,Portugal
207,choyle5q@cafepress.com,Quechua,Japan
208,bolivas5r@creativecommons.org,Amharic,Thailand
209,rgoodings5s@istockphoto.com,Estonian,France
210,adrews5t@shinystat.com,Tswana,Indonesia
211,tbellchamber5u@tiny.cc,Croatian,Honduras
212,rmaccoughen5v@g.co,Norwegian,France
213,zsterzaker5w@thetimes.co.uk,Kannada,France
214,tadhams5x@google.nl,Papiamento,Bhutan
215,jcorde5y@ibm.com,Armenian,United States
216,ceilhermann5z@google.it,Khmer,Brazil
217,bfish60@ucla.edu,Mongolian,Hong Kong
218,gremer61@amazonaws.com,Hungarian,Ghana
219,sodwyer62@webeden.co.uk,Tetum,Ukraine
220,morlton63@nps.gov,Somali,China
221,vwarrack64@wikispaces.com,Hungarian,United States
222,awarland65@booking.com,Afrikaans,Greece
223,abarneville66@google.it,Quechua,Spain
224,mcovet67@ed.gov,Swati,Indonesia
225,loreilly68@woothemes.com,German,Mexico
226,apena69@de.vu,Dzongkha,China
227,jyouster6a@so-net.ne.jp,Lao,Chile
228,wingrem6b@alibaba.com,Czech,Canada
229,fbollen6c@cafepress.com,Spanish,Peru
230,earthurs6d@behance.net,Dzongkha,China
231,wtrustram6e@rediff.com,Dutch,Saint Barthelemy
232,sdibbin6f@desdev.cn,Spanish,Tunisia
233,rcostall6g@yale.edu,Greek,Zimbabwe
234,pbarfoot6h@free.fr,Telugu,China
235,cvandervlies6i@php.net,Gagauz,Dominican Republic
236,keye6j@list-manage.com,Swati,Philippines
237,rassante6k@marriott.com,French,Czech Republic
238,dsnarr6l@ucoz.ru,Bosnian,Israel
239,bmoline6m@indiegogo.com,Pashto,Macedonia
240,pgrellier6n@go.com,Oriya,Italy
241,conge6o@ovh.net,Kazakh,Sierra Leone
242,groft6p@gravatar.com,Māori,Russia
243,lespasa6q@gmpg.org,Kazakh,Iran
244,kwoofendell6r@businessinsider.com,Dhivehi,Portugal
245,lbrendish6s@apache.org,Armenian,China
246,wmcellen6t@themeforest.net,Dutch,Brazil
247,vriddiough6u@paginegialle.it,Albanian,China
248,bhammersley6v@exblog.jp,Chinese,Japan
249,sdoul6w@1688.com,Norwegian,Armenia
250,jsparey6x@redcross.org,Korean,Vietnam
251,dvoaden6y@comcast.net,Croatian,China
252,alove6z@parallels.com,Afrikaans,China
253,jwharby70@canalblog.com,Punjabi,Indonesia
254,earies71@loc.gov,Dzongkha,Palestinian Territory
255,ftyne72@weebly.com,Swati,Vietnam
256,shellwing73@phoca.cz,Croatian,Bosnia and Herzegovina
257,kfacher74@redcross.org,Icelandic,United Kingdom
258,qwitton75@arstechnica.com,Montenegrin,China
259,oduffitt76@1und1.de,Kannada,China
260,amcdirmid77@sfgate.com,Hiri Motu,Colombia
261,dfantone78@e-recht24.de,Hebrew,Philippines
262,hgable79@1688.com,Amharic,Philippines
263,cgunstone7a@whitehouse.gov,Luxembourgish,Norway
264,hjenik7b@google.de,Lao,Burkina Faso
265,hchristy7c@admin.ch,Georgian,Yemen
266,apellamont7d@amazonaws.com,Hungarian,China
267,cfeldhorn7e@upenn.edu,Haitian Creole,Russia
268,charuard7f@hugedomains.com,Persian,Philippines
269,xsimeoli7g@pbs.org,Yiddish,Ukraine
270,nbickle7h@wisc.edu,Hungarian,Yemen
271,hcorro7i@constantcontact.com,New Zealand Sign Language,Philippines
272,mperago7j@geocities.com,Aymara,Mozambique
273,vardling7k@meetup.com,Hungarian,Brazil
274,yepinoy7l@dot.gov,Portuguese,Poland
275,wraise7m@msn.com,Irish Gaelic,Philippines
276,eweildish7n@tripadvisor.com,Dhivehi,Japan
277,dcamamile7o@sohu.com,Finnish,China
278,dchevolleau7p@comsenz.com,Tswana,Indonesia
279,kmicka7q@nature.com,English,Nigeria
280,modonovan7r@lycos.com,Kannada,China
281,hmessager7s@boston.com,Somali,Russia
282,ltwell7t@live.com,Kurdish,Indonesia
283,bbalharry7u@github.com,Romanian,China
284,bostler7v@engadget.com,Dari,Philippines
285,mabrahamson7w@cornell.edu,Yiddish,Czech Republic
286,mhallihan7x@ucsd.edu,Croatian,Vietnam
287,acrone7y@sun.com,Bengali,Ukraine
288,shaggata7z@illinois.edu,Italian,China
289,kgallahue80@hibu.com,Yiddish,Mexico
290,rilyuchyov81@shinystat.com,Hungarian,Greece
291,vdouthwaite82@mlb.com,Chinese,Argentina
292,sandreasson83@amazon.de,Kyrgyz,Iran
293,rbainbrigge84@ft.com,Telugu,Mexico
294,gdudgeon85@salon.com,Macedonian,Nepal
295,tcucuzza86@zimbio.com,Oriya,Mexico
296,slenton87@phoca.cz,Malayalam,China
297,mmassey88@zimbio.com,Croatian,Japan
298,donoland89@hibu.com,Malay,China
299,korae8a@studiopress.com,Lao,Zambia
300,psheldrick8b@nsw.gov.au,Polish,Seychelles
301,iyurygyn8c@latimes.com,Kazakh,Vietnam
302,gbrugsma8d@addtoany.com,Finnish,China
303,ascholig8e@wsj.com,Bislama,Canada
304,alambdin8f@elegantthemes.com,Malayalam,Sweden
305,rtreece8g@house.gov,Icelandic,Poland
306,lphlippi8h@wisc.edu,Somali,Latvia
307,kwinspeare8i@phoca.cz,Swedish,Brazil
308,arickhuss8j@ustream.tv,Tamil,Philippines
309,bdurnall8k@ft.com,Hungarian,France
310,mespinoza8l@smugmug.com,Croatian,Russia
311,fokynsillaghe8m@plala.or.jp,Afrikaans,Poland
312,hotierney8n@bigcartel.com,New Zealand Sign Language,Japan
313,gbernollet8o@yellowpages.com,Filipino,Finland
314,zegglestone8p@sun.com,Lithuanian,Kazakhstan
315,lcolquete8q@twitpic.com,Czech,China
316,mshearman8r@myspace.com,Amharic,Indonesia
317,sexton8s@mediafire.com,Filipino,Czech Republic
318,gcamp8t@surveymonkey.com,Northern Sotho,Finland
319,salberti8u@howstuffworks.com,Māori,Portugal
320,scrome8v@jiathis.com,Portuguese,Colombia
321,adurdan8w@princeton.edu,Norwegian,Poland
322,hmead8x@elegantthemes.com,Aymara,Russia
323,hkyte8y@newyorker.com,Tajik,Georgia
324,mbelward8z@yelp.com,Mongolian,China
325,jscopyn90@thetimes.co.uk,Malagasy,Sweden
326,wmetrick91@a8.net,Kashmiri,Thailand
327,onewsome92@woothemes.com,Papiamento,France
328,trelton93@abc.net.au,Telugu,Brazil
329,garnatt94@cafepress.com,Gagauz,China
330,dedmed95@blogs.com,Afrikaans,Poland
331,fcorran96@upenn.edu,Tajik,Sweden
332,rmontez97@webnode.com,Bengali,Czech Republic
333,kcassam98@drupal.org,Montenegrin,Croatia
334,ltomasutti99@ustream.tv,Punjabi,Brazil
335,cchilde9a@samsung.com,Tsonga,Poland
336,kfreathy9b@businessweek.com,Māori,Macedonia
337,ppurkins9c@comsenz.com,Hebrew,Poland
338,hdenning9d@buzzfeed.com,Tswana,Guatemala
339,gbolesma9e@umich.edu,French,Pakistan
340,cscown9f@google.com,Afrikaans,Portugal
341,awannell9g@bluehost.com,Georgian,Philippines
342,kbeard9h@acquirethisname.com,Amharic,China
343,omacailine9i@sfgate.com,Italian,Ireland
344,mfordyce9j@freewebs.com,Bosnian,China
345,rfriatt9k@wikispaces.com,Bulgarian,Indonesia
346,irozsa9l@abc.net.au,Khmer,Indonesia
347,ecoxall9m@zdnet.com,Irish Gaelic,Indonesia
348,bsurcombe9n@studiopress.com,Mongolian,Indonesia
349,lcorneljes9o@apple.com,Azeri,Colombia
350,dbeeze9p@joomla.org,Georgian,Cuba
351,bfolliott9q@howstuffworks.com,Yiddish,South Africa
352,mbassingham9r@about.com,Amharic,Finland
353,jbridgett9s@t.co,Fijian,Indonesia
354,sharbisher9t@feedburner.com,Polish,Thailand
355,tjendas9u@wp.com,Afrikaans,Uganda
356,rmelburg9v@cbc.ca,Dutch,Ukraine
357,asparling9w@altervista.org,Gagauz,Peru
358,apavkovic9x@washington.edu,Hungarian,Belize
359,lhanburybrown9y@wufoo.com,Japanese,Portugal
360,mbaillie9z@gov.uk,Dzongkha,Georgia
361,tgillbea0@comsenz.com,Ndebele,Russia
362,atadgella1@cloudflare.com,Belarusian,Philippines
363,rpridea2@intel.com,Pashto,China
364,lzellnera3@shutterfly.com,Luxembourgish,Canada
365,nmawda4@surveymonkey.com,Dzongkha,Portugal
366,jscrivenora5@abc.net.au,Fijian,Poland
367,wpolkinghornea6@sfgate.com,Maltese,China
368,cgaddesbya7@google.ca,Montenegrin,China
369,sgaukrogera8@bbb.org,Dutch,Uganda
370,olauriea9@wunderground.com,Punjabi,Saudi Arabia
371,istodhartaa@hp.com,Moldovan,Colombia
372,hcraydenab@zimbio.com,Marathi,Philippines
373,dfairsac@mtv.com,Arabic,Sweden
374,iolechnowiczad@upenn.edu,Tswana,Brazil
375,lmillhillae@fastcompany.com,Kashmiri,Canada
376,gburberryaf@wikipedia.org,Malayalam,Mexico
377,ldimelowag@wix.com,Tok Pisin,China
378,ccomberbeachah@lulu.com,Swedish,Russia
379,oavissai@scientificamerican.com,West Frisian,Russia
380,mbonneyaj@google.de,Zulu,Colombia
381,crossanderak@ox.ac.uk,Albanian,Indonesia
382,cgundreyal@hao123.com,Croatian,Japan
383,ddefewam@godaddy.com,Greek,China
384,gzecchinellian@accuweather.com,Georgian,Russia
385,pbamlettao@multiply.com,English,Peru
386,kdaveridgeap@sina.com.cn,Latvian,Indonesia
387,kschroederaq@webmd.com,French,Finland
388,cbrandacciar@whitehouse.gov,Montenegrin,United States
389,bwillertonas@slideshare.net,Luxembourgish,Mexico
390,lchapleoat@weather.com,Catalan,Indonesia
391,mshaeferau@linkedin.com,Kashmiri,Russia
392,rlereav@cam.ac.uk,Norwegian,Greece
393,dcantrillaw@bizjournals.com,Croatian,Kazakhstan
394,ahoundesomeax@webeden.co.uk,Quechua,China
395,acampbellay@github.io,Belarusian,Belarus
396,ddmitraz@a8.net,Ndebele,Portugal
397,ojansab0@discuz.net,Finnish,Sweden
398,hkoeppkeb1@istockphoto.com,Romanian,Jamaica
399,spickinb2@studiopress.com,English,Iran
400,pmarcub3@icq.com,Hiri Motu,China
401,aabrahimb4@cmu.edu,Dzongkha,Indonesia
402,veayrsb5@sohu.com,Assamese,Indonesia
403,dralfeb6@oaic.gov.au,Oriya,Germany
404,wkembreyb7@nytimes.com,Amharic,Japan
405,jcasellab8@google.com.hk,Malay,France
406,lstermanb9@mlb.com,Romanian,Nigeria
407,ltutchingsba@mozilla.org,Moldovan,Poland
408,nharkinsbb@columbia.edu,Māori,Kenya
409,kfullerbc@ning.com,West Frisian,Papua New Guinea
410,pmausbd@chron.com,Papiamento,China
411,ebattrumbe@squidoo.com,Haitian Creole,Mexico
412,rhaggethbf@geocities.com,Indonesian,Ukraine
413,jyedybg@nps.gov,Mongolian,China
414,wkilbeybh@github.com,Mongolian,China
415,cwynrahamebi@ask.com,French,Uganda
416,scotterellbj@ebay.com,Māori,Dominican Republic
417,uginleybk@yelp.com,Greek,Sri Lanka
418,amcdarmidbl@oaic.gov.au,Burmese,Kyrgyzstan
419,wshalebm@merriam-webster.com,Estonian,Palestinian Territory
420,dreedersbn@tmall.com,Dari,Colombia
421,kbreederbo@theatlantic.com,Bulgarian,Libya
422,rspoffordbp@reddit.com,Gujarati,Guatemala
423,hkleenbq@independent.co.uk,Ndebele,Macedonia
424,hgofordbr@marriott.com,Portuguese,Cape Verde
425,brenfreebs@amazon.co.jp,Papiamento,Brazil
426,aboxhallbt@prlog.org,Montenegrin,Russia
427,tcreeghanbu@dailymail.co.uk,Chinese,Poland
428,kfinebv@google.com.br,Maltese,Portugal
429,sbandierabw@edublogs.org,Hindi,Colombia
430,agrayshonbx@ezinearticles.com,Lao,Russia
431,lsneddenby@dell.com,Lao,New Zealand
432,ctrebblebz@moonfruit.com,Chinese,Indonesia
433,wrizzoc0@mlb.com,Bengali,Indonesia
434,ltwellc1@edublogs.org,Afrikaans,United Kingdom
435,iveyseyc2@bloglines.com,Burmese,Portugal
436,rmachelc3@irs.gov,Korean,China
437,saickinc4@chron.com,Maltese,Norway
438,spibsworthc5@bloglines.com,Polish,Japan
439,ndunstanc6@paypal.com,Maltese,China
440,bnoltonc7@spotify.com,Romanian,Thailand
441,ajurgesc8@topsy.com,Moldovan,Greece
442,sstarkingc9@theguardian.com,Malay,China
443,bcrowchca@state.gov,Bislama,Philippines
444,mwetherscb@angelfire.com,Kurdish,China
445,oilyincc@cnn.com,Lithuanian,Ireland
446,tbonnickcd@cpanel.net,Telugu,Germany
447,bmcgoniglece@tuttocitta.it,Danish,United States
448,epreecf@xing.com,Armenian,Peru
449,tnillescg@flickr.com,Tswana,China
450,kflecknellch@cnn.com,Aymara,China
451,acarrci@va.gov,Tswana,Sierra Leone
452,bminuccicj@alexa.com,Zulu,Philippines
453,sbartholomieuck@g.co,Bulgarian,China
454,alorrawaycl@nbcnews.com,Hebrew,China
455,tterzicm@canalblog.com,Bislama,Sierra Leone
456,cdobbisoncn@vk.com,Hungarian,Indonesia
457,kbrammarco@telegraph.co.uk,Mongolian,China
458,jholliercp@amazon.co.jp,Fijian,China
459,msandoncq@who.int,Kazakh,China
460,lbrydellcr@github.com,Tswana,Indonesia
461,wdradeycs@hostgator.com,Albanian,Papua New Guinea
462,fbrownbillct@weebly.com,Maltese,Kyrgyzstan
463,gbouldercu@domainmarket.com,Greek,Peru
464,bcarlickcv@house.gov,Czech,Russia
465,klifecw@sun.com,Danish,Indonesia
466,bcodmancx@friendfeed.com,Luxembourgish,Thailand
467,tgermainecy@vinaora.com,Telugu,Russia
468,dmilamcz@mayoclinic.com,Latvian,Indonesia
469,mfarod0@vinaora.com,Bosnian,Philippines
470,jturbittd1@posterous.com,Norwegian,France
471,kriggolld2@sakura.ne.jp,Albanian,Japan
472,mdeehand3@purevolume.com,Italian,Cuba
473,snafzgerd4@google.co.jp,Armenian,Philippines
474,ajunkind5@google.cn,Kurdish,Sweden
475,ojuand6@cyberchimps.com,Malagasy,Portugal
476,ldeangelod7@scribd.com,Swahili,China
477,wjosefovicd8@discuz.net,Nepali,Portugal
478,npringleyd9@vk.com,Polish,China
479,ttesimonda@house.gov,Bengali,Portugal
480,rlowniedb@sina.com.cn,Northern Sotho,Dominican Republic
481,idemeridadc@sphinn.com,Thai,Yemen
482,tlaynedd@ask.com,Burmese,Poland
483,ejellymande@nifty.com,French,United Kingdom
484,ahudghtondf@ucsd.edu,Afrikaans,China
485,ablaxalldg@utexas.edu,Malagasy,Nicaragua
486,tnancarrowdh@sitemeter.com,Punjabi,Ukraine
487,frobottomdi@nytimes.com,Burmese,Indonesia
488,gwillimotdj@bloglovin.com,Khmer,Poland
489,pkaaskooperdk@fc2.com,Assamese,Indonesia
490,ablasiusdl@is.gd,Finnish,Netherlands
491,meglintondm@howstuffworks.com,Latvian,Iran
492,cearlamdn@last.fm,Quechua,Indonesia
493,adalescodo@hhs.gov,Bosnian,Canada
494,mibelldp@nifty.com,Tajik,Czech Republic
495,lpedeldq@amazon.de,Chinese,United States
496,ldirobertodr@nba.com,Sotho,Sweden
497,hakittds@theguardian.com,Northern Sotho,Poland
498,twicksteaddt@theguardian.com,Chinese,Argentina
499,bjewesdu@google.com.hk,Gujarati,Czech Republic
500,msummerrelldv@psu.edu,Malayalam,Jordan
501,lmcgeedw@bandcamp.com,Chinese,Japan
502,cnewrickdx@cafepress.com,Gagauz,Poland
503,cbarzendy@altervista.org,Yiddish,Pakistan
504,lheimsdz@phpbb.com,English,Yemen
505,amityukove0@timesonline.co.uk,Burmese,Dominican Republic
506,frobertsone1@wunderground.com,French,Vietnam
507,fhuyhtone2@yahoo.com,Tajik,Canada
508,mroadnighte3@mysql.com,Punjabi,United States
509,olistere4@vkontakte.ru,Bosnian,United States
510,gnegrie5@census.gov,Portuguese,Finland
511,gstadene6@people.com.cn,Guaraní,Peru
512,cluttgere7@google.nl,Italian,France
513,raldermane8@salon.com,Thai,Bolivia
514,dkitchinghane9@nationalgeographic.com,Hindi,China
515,osummerlyea@mac.com,French,Malawi
516,alydiateeb@prnewswire.com,Malayalam,Venezuela
517,evallintineec@fema.gov,West Frisian,Belarus
518,eherrievened@unesco.org,Malay,Philippines
519,tverduinee@spiegel.de,Polish,Burundi
520,sheateref@nature.com,Georgian,Russia
521,lcapliseg@jalbum.net,Mongolian,Pakistan
522,jpettetteh@bing.com,Icelandic,Austria
523,gthickensei@zimbio.com,Malayalam,Mexico
524,olenteej@fotki.com,Hebrew,China
525,tsympsonek@woothemes.com,Northern Sotho,Panama
526,kdillamoreel@github.io,Estonian,Palestinian Territory
527,rpideonem@techcrunch.com,Marathi,Indonesia
528,rdaberen@chron.com,Yiddish,Malaysia
529,ejovaseviceo@fc2.com,Fijian,Nigeria
530,dgrellierep@prweb.com,Oriya,Jordan
531,rbeveseq@marriott.com,Dhivehi,China
532,iarnaulter@photobucket.com,Gujarati,Portugal
533,dclubleyes@illinois.edu,Aymara,Russia
534,cseebertet@newsvine.com,Tamil,Portugal
535,gpiccardeu@omniture.com,Romanian,China
536,sharbertsonev@angelfire.com,Telugu,Indonesia
537,hstrickew@sogou.com,Persian,Czech Republic
538,mdowex@wix.com,Oriya,Portugal
539,abeaumontey@utexas.edu,Lao,United States
540,pbroyez@chicagotribune.com,Greek,Vietnam
541,hblagdenf0@yellowbook.com,Polish,China
542,kkarolowskif1@hatena.ne.jp,Tsonga,Bulgaria
543,npenyltonf2@over-blog.com,Macedonian,Philippines
544,vtootellf3@tinypic.com,Hindi,China
545,acastellonef4@omniture.com,Albanian,Ukraine
546,bclemensenf5@reuters.com,Latvian,Colombia
547,rbudleighf6@tinypic.com,Japanese,Senegal
548,kracherf7@linkedin.com,Yiddish,China
549,dashcroftf8@princeton.edu,Dhivehi,Morocco
550,icettellf9@mtv.com,Portuguese,Chad
551,lniessenfa@sohu.com,Swati,Thailand
552,ewannopfb@joomla.org,Lithuanian,Vietnam
553,aharbertfc@live.com,English,Ireland
554,adangelofd@businessinsider.com,Afrikaans,Morocco
555,lcaffertyfe@quantcast.com,Kannada,Switzerland
556,jescreetff@e-recht24.de,Bosnian,Uganda
557,eshahfg@geocities.jp,Telugu,Indonesia
558,gderksfh@paypal.com,Haitian Creole,Indonesia
559,cfaichniefi@ehow.com,Icelandic,Tunisia
560,dleilefj@usda.gov,Bislama,China
561,cnendfk@pcworld.com,Malayalam,Colombia
562,aelmhirstfl@chron.com,Swati,Sweden
563,dstqueintainfm@eventbrite.com,Amharic,China
564,amcquilliamfn@ucla.edu,Kannada,Mexico
565,gmanionfo@cbc.ca,Malay,Bolivia
566,pcockrellfp@prnewswire.com,Bengali,Thailand
567,nforlongfq@hhs.gov,Tamil,China
568,wcarekfr@t.co,Sotho,Portugal
569,ascobbiefs@meetup.com,Kyrgyz,Sweden
570,fdowsft@thetimes.co.uk,Marathi,China
571,pgiacobazzifu@lycos.com,Kurdish,Bangladesh
572,jhatchardfv@pcworld.com,Kazakh,Peru
573,wtoffolinifw@ucla.edu,Indonesian,China
574,bverdyfx@linkedin.com,Norwegian,Philippines
575,apistolfy@princeton.edu,Guaraní,Burkina Faso
576,dwhitterfz@shutterfly.com,Hindi,Japan
577,jsebrightg0@jiathis.com,Bosnian,Indonesia
578,lbrikg1@aol.com,Norwegian,Niger
579,ekeddeyg2@furl.net,Belarusian,Kazakhstan
580,rmeadersg3@angelfire.com,Norwegian,Peru
581,hmoncreiffeg4@comsenz.com,Malayalam,China
582,cparryg5@google.ca,Georgian,Indonesia
583,rsivyerg6@technorati.com,Northern Sotho,Portugal
584,wizaksg7@whitehouse.gov,Hungarian,United Kingdom
585,csturtg8@princeton.edu,Kyrgyz,Czech Republic
586,npeerg9@github.com,Spanish,France
587,nedelerga@dot.gov,Tetum,France
588,jdemetrgb@tiny.cc,Fijian,South Africa
589,fardengc@guardian.co.uk,Korean,Sweden
590,dantleygd@seesaa.net,Khmer,China
591,rbewlayge@google.it,Tamil,Slovenia
592,aloncastergf@japanpost.jp,Albanian,Finland
593,jcalderagg@parallels.com,Polish,Brazil
594,ccammgh@nationalgeographic.com,Dzongkha,Colombia
595,ribangi@infoseek.co.jp,Bosnian,Costa Rica
596,lkembrygj@slate.com,Zulu,Indonesia
597,elanferegk@ftc.gov,Bosnian,China
598,vsangwinegl@sogou.com,Assamese,United States
599,emcmeekangm@mozilla.com,Afrikaans,Ukraine
600,dcasterougn@wiley.com,Gujarati,Tanzania
601,lhumphrysgo@purevolume.com,Swahili,Latvia
602,swotherspoongp@msu.edu,Japanese,Indonesia
603,bgerataschgq@github.io,Portuguese,Greece
604,ritchinghamgr@nbcnews.com,Chinese,China
605,jcumptongs@berkeley.edu,Gujarati,Japan
606,mswyndleygt@csmonitor.com,Bislama,China
607,sdavsongu@altervista.org,Catalan,Philippines
608,zreallygv@cloudflare.com,Kashmiri,Philippines
609,eluetkemeyergw@ning.com,Somali,China
610,mstudeartgx@creativecommons.org,Kannada,Poland
611,arodolphegy@berkeley.edu,Hiri Motu,Indonesia
612,mbratchgz@sphinn.com,Moldovan,Indonesia
613,svalentineh0@wired.com,Belarusian,Belarus
614,rhardikerh1@about.com,Irish Gaelic,China
615,cwhiskerdh2@storify.com,Polish,China
616,kdonnh3@netvibes.com,Punjabi,Russia
617,sspeermanh4@naver.com,Chinese,Finland
618,dmcmennumh5@wsj.com,Dari,China
619,ntrinkwonh6@netscape.com,Polish,China
620,abreensh7@mozilla.com,Thai,Philippines
621,ijosephovh8@about.com,Pashto,China
622,bbellinghamh9@ca.gov,Czech,China
623,gastlesha@nhs.uk,Portuguese,Indonesia
624,rroscamhb@sogou.com,Korean,Russia
625,kjagghc@hhs.gov,Mongolian,Argentina
626,nharehd@fda.gov,Punjabi,Libya
627,dpapachristophorouhe@about.me,Quechua,Belarus
628,tcasselhf@facebook.com,Italian,Brazil
629,aheardhg@soundcloud.com,Oriya,Haiti
630,omanilowhh@cpanel.net,Persian,Finland
631,glongworthyhi@icio.us,Kurdish,Peru
632,jjobbinshj@zimbio.com,Albanian,Indonesia
633,abrameldhk@nyu.edu,Malayalam,Indonesia
634,ibraksperhl@senate.gov,Aymara,China
635,dmunghamhm@nsw.gov.au,Lao,Palestinian Territory
636,blambahn@moonfruit.com,Oriya,Saudi Arabia
637,oboaseho@cnet.com,Northern Sotho,Russia
638,jperlhp@bluehost.com,Estonian,Indonesia
639,abuglerhq@patch.com,Northern Sotho,Croatia
640,eborgesiohr@histats.com,Khmer,Thailand
641,craynhamhs@networksolutions.com,Macedonian,Jamaica
642,ddanielsohnht@discuz.net,Gagauz,Russia
643,cprimetthu@gnu.org,Khmer,Iran
644,djohniganhv@auda.org.au,Dhivehi,Greece
645,gcostellhw@hubpages.com,Hiri Motu,Indonesia
646,tpetriellohx@ycombinator.com,Bulgarian,Pakistan
647,spavlenkovhy@list-manage.com,Arabic,Spain
648,lmenghihz@shop-pro.jp,Arabic,Mexico
649,gmollnari0@telegraph.co.uk,Polish,France
650,mdawi1@wunderground.com,Thai,Japan
651,ttrundelli2@bloglines.com,Tswana,Equatorial Guinea
652,oblinckoi3@usatoday.com,Korean,Palestinian Territory
653,rprinni4@nbcnews.com,Māori,Haiti
654,gormerodi5@blog.com,Catalan,Portugal
655,dcottrilli6@tamu.edu,German,China
656,mlangelayi7@soundcloud.com,Lithuanian,Canada
657,tprateni8@cbc.ca,Tsonga,Finland
658,edomicoi9@tiny.cc,Catalan,Russia
659,bstopsia@newsvine.com,Estonian,China
660,slymanib@multiply.com,Yiddish,Cameroon
661,jstubbinic@dagondesign.com,Kannada,Palestinian Territory
662,gkiesselid@ucla.edu,Persian,Indonesia
663,cgjerdeie@free.fr,Swati,Russia
664,btattersillif@ezinearticles.com,Catalan,Brazil
665,rbeedig@globo.com,Mongolian,China
666,imcallih@domainmarket.com,English,China
667,jhartwrightii@nbcnews.com,Moldovan,Portugal
668,eredhollsij@tamu.edu,Kannada,Philippines
669,mmackeanik@youku.com,Haitian Creole,China
670,hhannawayil@list-manage.com,Hungarian,Bosnia and Herzegovina
671,rferrierioim@nature.com,Assamese,China
672,echessilin@bloglines.com,Pashto,Czech Republic
673,mkersleyio@china.com.cn,Hiri Motu,South Korea
674,sadicotip@cyberchimps.com,West Frisian,China
675,ndanelsiq@skyrock.com,Lao,Philippines
676,dbruckmannir@amazon.co.uk,Icelandic,Peru
677,csimkais@gnu.org,Dari,Indonesia
678,cmcnellisit@reuters.com,Afrikaans,Indonesia
679,aoransiu@sogou.com,Malagasy,Indonesia
680,bcallawayiv@wikipedia.org,Lao,Russia
681,mmenghiiw@nydailynews.com,Kannada,Indonesia
682,dtallix@360.cn,Lao,Belarus
683,cboskelliy@odnoklassniki.ru,Swati,China
684,bpowiz@mapquest.com,Malagasy,Afghanistan
685,ejanoschekj0@pen.io,Korean,Jordan
686,fjakobssonj1@amazonaws.com,Hungarian,Tanzania
687,zarnleyj2@miitbeian.gov.cn,Danish,Japan
688,zitzcakj3@merriam-webster.com,Maltese,Russia
689,teppj4@nba.com,Kashmiri,Switzerland
690,jlebbernj5@jugem.jp,Indonesian,China
691,kkittleyj6@globo.com,Latvian,Mexico
692,jhaslumj7@nationalgeographic.com,Lithuanian,China
693,djanjusevicj8@tmall.com,Afrikaans,United Kingdom
694,cmacbainj9@google.co.uk,Dhivehi,Australia
695,lcrosettoja@unblog.fr,Luxembourgish,Poland
696,esuggittjb@cloudflare.com,Icelandic,Indonesia
697,rablettjc@boston.com,Latvian,China
698,prushbyjd@japanpost.jp,Yiddish,China
699,jcockinje@time.com,Spanish,Sweden
700,jsyslandjf@princeton.edu,Oriya,Macedonia
701,pheedjg@qq.com,Portuguese,United States
702,jperrotjh@harvard.edu,German,Indonesia
703,dgormallyji@themeforest.net,French,Philippines
704,vloddonjj@purevolume.com,Romanian,Greece
705,hluggarjk@oaic.gov.au,Tamil,Portugal
706,boselandjl@chronoengine.com,Hindi,Indonesia
707,byudejm@newyorker.com,Guaraní,China
708,rkupkerjn@goodreads.com,Norwegian,China
709,rkerfodjo@bandcamp.com,Afrikaans,Indonesia
710,wmacilwrickjp@cocolog-nifty.com,Khmer,Sweden
711,afronzekjq@gnu.org,Gujarati,Sweden
712,jcantwelljr@google.it,Punjabi,Russia
713,jchoppingjs@reuters.com,Dhivehi,Indonesia
714,jsmitherjt@nps.gov,Azeri,Philippines
715,rsteaneju@blog.com,Dari,China
716,lpabeljv@google.com.br,West Frisian,China
717,kcowmeadowjw@dropbox.com,Persian,Czech Republic
718,rmosleyjx@exblog.jp,Malayalam,China
719,tshaxbyjy@independent.co.uk,Gujarati,Brazil
720,jesseryjz@behance.net,Catalan,Libya
721,candriesk0@fastcompany.com,Bislama,Indonesia
722,dbraddk1@admin.ch,Pashto,China
723,witscowicsk2@hp.com,Tetum,Czech Republic
724,mlastyk3@java.com,Burmese,China
725,amanicombk4@furl.net,Japanese,Poland
726,bcorsek5@last.fm,Finnish,Spain
727,broskellyk6@prweb.com,Ndebele,Brazil
728,gmccurleyk7@whitehouse.gov,Malayalam,China
729,vsturgesk8@tiny.cc,Azeri,Brazil
730,traymank9@parallels.com,Kannada,Thailand
731,abagguleyka@yahoo.co.jp,Hiri Motu,Philippines
732,ltrimmillkb@census.gov,Macedonian,Vietnam
733,hsevillekc@canalblog.com,West Frisian,Poland
734,dhowiekd@tiny.cc,Estonian,Indonesia
735,sjaimeke@seesaa.net,Polish,China
736,rstroyankf@disqus.com,Malayalam,Pakistan
737,bkunckg@pinterest.com,French,Morocco
738,cbreedkh@studiopress.com,Albanian,Thailand
739,jjaanki@answers.com,German,France
740,sfeasleykj@surveymonkey.com,Thai,Ukraine
741,gpregelkk@mac.com,Thai,Portugal
742,efaustiankl@theglobeandmail.com,Maltese,Portugal
743,pgillbardkm@state.gov,Korean,China
744,nmcmenemykn@weebly.com,Tamil,Morocco
745,gbentzenko@acquirethisname.com,Tajik,Poland
746,fgroombridgekp@e-recht24.de,Mongolian,Pakistan
747,ssetchfieldkq@sphinn.com,Gagauz,Indonesia
748,bbaskeyfiedkr@chron.com,Burmese,Indonesia
749,astroulgerks@gmpg.org,Dhivehi,Indonesia
750,cheatheringtonkt@xrea.com,Arabic,China
751,wlawku@aol.com,Hiri Motu,Portugal
752,bmeriottkv@tmall.com,Latvian,Kyrgyzstan
753,acalderakw@mozilla.org,Dari,Nigeria
754,bmastermankx@google.ru,Czech,China
755,tnockallsky@admin.ch,Dhivehi,Poland
756,gwaddamkz@phpbb.com,Gagauz,Iran
757,myantsurevl0@cornell.edu,Hebrew,Philippines
758,grobbingsl1@issuu.com,French,China
759,bbelhaml2@nba.com,Croatian,Japan
760,jambroginil3@unesco.org,Marathi,Philippines
761,rwetwoodl4@domainmarket.com,Bulgarian,Iceland
762,dcastelluzzil5@g.co,Latvian,Norway
763,cdymokel6@github.io,German,Colombia
764,dnortunenl7@shutterfly.com,Romanian,Macedonia
765,gthursfieldl8@etsy.com,Malay,Poland
766,dcrowcherl9@washington.edu,Fijian,Russia
767,esnoxillla@barnesandnoble.com,Norwegian,Indonesia
768,saxtonlb@loc.gov,Dhivehi,Indonesia
769,abroscheklc@hostgator.com,Māori,Portugal
770,bwildsmithld@ucoz.ru,Tetum,Brazil
771,ipavlitschekle@mediafire.com,Latvian,Finland
772,pmccorrielf@wisc.edu,Filipino,United States
773,clawrenzlg@adobe.com,Dari,Brazil
774,rhargerielh@sakura.ne.jp,Papiamento,Serbia
775,erambleli@oakley.com,Kashmiri,Indonesia
776,brhoduslj@google.ca,Polish,Indonesia
777,ldulsonlk@cbslocal.com,Italian,Indonesia
778,rgoodbodyll@clickbank.net,Mongolian,China
779,aboecklm@icio.us,Afrikaans,Brazil
780,rmcconnultyln@sphinn.com,Armenian,Brazil
781,gsommerlandlo@nyu.edu,Arabic,South Africa
782,snorleylp@addthis.com,Bosnian,Palestinian Territory
783,lharrislq@discovery.com,Marathi,Albania
784,aousleylr@va.gov,Malayalam,Poland
785,ccowdenls@nytimes.com,Azeri,Russia
786,bhabblelt@senate.gov,Marathi,Argentina
787,bbourtonlu@t.co,Burmese,Bangladesh
788,jbrandslv@fc2.com,Guaraní,Poland
789,sthunderlw@un.org,Persian,Russia
790,fisgatelx@hhs.gov,Kazakh,France
791,erummerly@360.cn,Swati,Indonesia
792,elandrethlz@army.mil,Kashmiri,South Africa
793,akeymarm0@samsung.com,Pashto,Poland
794,eramseym1@statcounter.com,Swahili,Argentina
795,mcaverhillm2@creativecommons.org,Romanian,Portugal
796,jbyem3@irs.gov,Spanish,Indonesia
797,spoundsm4@techcrunch.com,Armenian,Philippines
798,ocharkm5@sourceforge.net,Persian,Ethiopia
799,lclayalm6@lycos.com,German,China
800,astartem7@redcross.org,Malay,Ukraine
801,harnoudm8@ihg.com,Gujarati,Croatia
802,atarrantm9@desdev.cn,Ndebele,Indonesia
803,kcornilleauma@ucoz.com,Dari,Czech Republic
804,lrobardleymb@globo.com,Papiamento,Saudi Arabia
805,iosheildsmc@csmonitor.com,Fijian,Ethiopia
806,ameccomd@unesco.org,Arabic,Russia
807,tgantzmanme@blogs.com,Bislama,Morocco
808,kjoscelinmf@1und1.de,Indonesian,Spain
809,jshoutemg@blogger.com,Norwegian,Canada
810,bnassimh@hc360.com,Ndebele,China
811,jfearonmi@delicious.com,Nepali,Venezuela
812,hmewemj@themeforest.net,Hiri Motu,Japan
813,tpagrammk@intel.com,French,Honduras
814,smoorhouseml@technorati.com,Kannada,Guinea-Bissau
815,mkornousekmm@simplemachines.org,Kyrgyz,Chad
816,fcornillmn@1688.com,Portuguese,Mexico
817,kshallmo@dmoz.org,Irish Gaelic,Russia
818,gtettleymp@home.pl,Tajik,Ivory Coast
819,vcornhillmq@wisc.edu,Northern Sotho,China
820,bjeanmr@pbs.org,Spanish,Indonesia
821,dnernems@csmonitor.com,Hiri Motu,Belarus
822,dkubiczekmt@ed.gov,Estonian,United States
823,dtremmilmu@technorati.com,Latvian,France
824,nbegentmv@examiner.com,Hiri Motu,Norway
825,dleyrroydmw@ow.ly,Armenian,Netherlands
826,mwhichelowmx@stumbleupon.com,Chinese,Japan
827,hkinghornemy@histats.com,Hungarian,Portugal
829,arandaln0@umich.edu,Macedonian,Russia
830,aburghn1@gizmodo.com,Tswana,Russia
831,npedlarn2@unc.edu,Dari,Iran
832,asabathen3@unesco.org,Arabic,China
833,scortinn4@quantcast.com,Yiddish,Nicaragua
834,acovenyn5@elegantthemes.com,Aymara,China
835,lpeekevoutn6@umich.edu,Moldovan,Turkey
836,ffleethamn7@ask.com,Chinese,Argentina
837,hclissettn8@friendfeed.com,Kurdish,China
838,eveschambren9@japanpost.jp,Pashto,China
839,eughina@microsoft.com,Pashto,China
840,kwhatenb@posterous.com,Dari,China
841,nbrittonnc@imgur.com,Oriya,France
842,vocollopynd@oracle.com,Gujarati,Serbia
843,lblowinne@google.ca,Guaraní,Bulgaria
844,chulmesnf@toplist.cz,Maltese,Philippines
845,kraddanng@meetup.com,Catalan,United States
846,adevignenh@house.gov,Danish,Hong Kong
847,whackeyni@walmart.com,Dhivehi,China
848,tchampainnj@miibeian.gov.cn,Bosnian,China
849,dharrapnk@merriam-webster.com,Danish,China
850,lfalconarnl@elegantthemes.com,Kannada,Serbia
851,ssearynm@wordpress.org,Hebrew,Malaysia
852,courrynn@ed.gov,Dhivehi,Indonesia
853,bhopkynsno@craigslist.org,Khmer,Indonesia
854,esimonuttinp@hc360.com,Afrikaans,Morocco
855,emachostenq@nydailynews.com,Punjabi,Canada
856,emanisnr@altervista.org,Swedish,Argentina
857,rtellessonns@last.fm,Aymara,China
858,eshellumnt@wisc.edu,Lithuanian,China
859,ichalonernu@imgur.com,Somali,United Kingdom
860,spentlownv@stumbleupon.com,Norwegian,Portugal
861,oduinbletonnw@bandcamp.com,Pashto,Czech Republic
862,jdeathnx@goo.gl,West Frisian,China
863,bstiegarny@paginegialle.it,Nepali,France
864,ggladernz@ted.com,Gagauz,Brazil
865,crainso0@about.com,Czech,Russia
866,ncowplando1@com.com,Nepali,France
867,fscateso2@digg.com,Malay,Philippines
868,dgiorgettio3@hc360.com,Macedonian,France
869,challowso4@opera.com,Yiddish,Bhutan
870,ngrimmolbyo5@blogspot.com,English,Poland
871,mbidgodo6@dailymail.co.uk,Bosnian,Indonesia
872,jcalbratheo7@studiopress.com,Danish,Philippines
873,ksalvadorio8@bluehost.com,English,Bolivia
874,rchazerando9@booking.com,Bosnian,China
875,smcgaughieoa@ucla.edu,Maltese,Portugal
876,gpoleykettob@berkeley.edu,Bengali,France
877,rcorreoc@ed.gov,Czech,Ukraine
878,mmougetod@fda.gov,Norwegian,Indonesia
879,cvasovicoe@imageshack.us,Greek,Portugal
880,rmollnarof@wordpress.com,West Frisian,Iraq
881,vgudgeonog@google.co.jp,Kurdish,Madagascar
882,aluckettoh@wsj.com,Bislama,South Africa
883,ogligoracioi@furl.net,Tajik,Sweden
884,dbygraveoj@a8.net,Telugu,France
885,cgentiryok@hostgator.com,Korean,Brazil
886,hmeuseol@jimdo.com,German,Russia
887,rbeebeeom@exblog.jp,Tamil,Brazil
888,gkinnaneon@apache.org,Hungarian,Yemen
889,amelatooo@wiley.com,Portuguese,Pakistan
890,vstanesop@geocities.jp,Moldovan,Panama
891,pcorlettoq@comsenz.com,Kashmiri,Mexico
892,rcattowor@twitpic.com,Czech,Brazil
893,mwalchos@devhub.com,Thai,China
894,lphilliskirkot@infoseek.co.jp,Azeri,Poland
895,edonnelou@smh.com.au,Mongolian,China
896,bisonov@apache.org,Burmese,Kenya
897,sgocherow@networkadvertising.org,Gagauz,Peru
898,espeariettox@bbb.org,Irish Gaelic,Poland
899,wreisenbergoy@de.vu,Persian,Indonesia
900,lmcmeekanoz@yahoo.com,Albanian,France
901,rcarnallp0@who.int,Korean,Trinidad and Tobago
902,jmuslimp1@qq.com,Guaraní,China
903,malessandrinip2@sciencedirect.com,Spanish,Mexico
904,mocriganp3@netvibes.com,English,Portugal
905,jmainlandp4@prnewswire.com,Dutch,Brazil
906,wrodriguesp5@fc2.com,English,China
907,cgrigorp6@google.ru,Tajik,China
908,echevinp7@si.edu,Catalan,Philippines
909,merrolp8@jigsy.com,Norwegian,Philippines
910,cmenauteaup9@slashdot.org,Arabic,Indonesia
911,ldurganpa@google.nl,Punjabi,Brazil
912,adelacroixpb@washingtonpost.com,Bengali,Portugal
913,mchiverspc@paginegialle.it,Polish,Slovenia
914,bguerinpd@sciencedaily.com,Assamese,Kazakhstan
915,reastgatepe@prnewswire.com,Kyrgyz,Russia
916,hrennelspf@narod.ru,Romanian,Russia
917,rwilberpg@vk.com,Māori,China
918,sbuzineph@techcrunch.com,Indonesian,Portugal
919,lgoochpi@wix.com,Danish,Poland
920,mshotboultepj@shareasale.com,Hebrew,Mexico
921,kjayespk@a8.net,Gujarati,Russia
922,amcdougaldpl@amazonaws.com,Latvian,Sweden
923,eshirdpm@upenn.edu,West Frisian,Poland
924,akuschelpn@unblog.fr,Khmer,Poland
925,mcranpo@indiegogo.com,Swedish,Indonesia
926,dtrottonpp@posterous.com,Papiamento,Maldives
927,hkenwinpq@vk.com,Guaraní,Indonesia
928,hjennisonpr@soup.io,Dhivehi,China
929,mscrivensps@oakley.com,Lithuanian,Pakistan
930,klimrickpt@newsvine.com,Gujarati,Portugal
931,hneypu@ucla.edu,Polish,Poland
932,bschulzpv@weather.com,Northern Sotho,Greece
933,masletpw@ucoz.ru,Bosnian,Indonesia
934,ccrickmerpx@lycos.com,Luxembourgish,Russia
935,briolfopy@comcast.net,Spanish,China
936,rleidlpz@bravesites.com,Tajik,Philippines
937,mwalkerq0@reuters.com,German,Philippines
938,wfilippucciq1@mac.com,Norwegian,China
939,gmurtellq2@topsy.com,Ndebele,Syria
940,meverq3@facebook.com,Marathi,Czech Republic
941,ehindgeq4@meetup.com,Khmer,Argentina
942,wbeesleyq5@scientificamerican.com,Tsonga,Finland
943,bmccurrieq6@skype.com,Sotho,China
944,lblighq7@technorati.com,Telugu,Czech Republic
945,gconnowq8@gizmodo.com,Hindi,Indonesia
946,jferschkeq9@imageshack.us,Hungarian,Indonesia
947,sfannerqa@youku.com,Bulgarian,China
948,bhaggartqb@last.fm,Latvian,Canada
949,jchellenhamqc@facebook.com,Gujarati,North Korea
950,cdrydenqd@spotify.com,Thai,Thailand
951,vscoularqe@simplemachines.org,Italian,Indonesia
952,dbrownjohnqf@about.com,Quechua,Czech Republic
953,dilettqg@businesswire.com,German,China
954,fdareqh@china.com.cn,Tswana,China
955,rstannersqi@msu.edu,Danish,United States
956,mmaycockqj@pbs.org,Hindi,Morocco
957,lsimanqk@howstuffworks.com,Macedonian,France
958,tmcglashanql@ovh.net,Dari,Malaysia
959,dpaternoqm@statcounter.com,Tetum,Indonesia
960,kreeveqn@clickbank.net,Danish,Philippines
961,bulsterqo@linkedin.com,Marathi,Guinea
962,epratleyqp@walmart.com,Finnish,Iraq
963,ccollacombeqq@yandex.ru,Portuguese,China
964,sgodsalqr@pbs.org,Kazakh,South Korea
965,apurserqs@smugmug.com,Gagauz,Spain
966,ddabellqt@soup.io,Fijian,China
967,szecchiniiqu@chron.com,Icelandic,Ukraine
968,mdowallqv@deviantart.com,Mongolian,Russia
969,ashuttlewoodqw@dailymail.co.uk,Finnish,Uzbekistan
970,bolivetiqx@feedburner.com,Malagasy,Indonesia
971,ftuckieqy@trellian.com,Hindi,North Korea
972,nhuttqz@networkadvertising.org,Zulu,China
973,fflightr0@army.mil,Moldovan,Israel
974,hcurzonr1@princeton.edu,Belarusian,China
975,kchardr2@state.gov,Tok Pisin,Ivory Coast
976,mgallonr3@mediafire.com,Kazakh,Ivory Coast
977,lkleinhausr4@behance.net,Filipino,Gambia
978,cstorkr5@github.io,Zulu,Indonesia
979,dstubleyr6@gmpg.org,Norwegian,Indonesia
980,mmeconir7@webmd.com,Kashmiri,Greece
981,cboobyerr8@gravatar.com,Luxembourgish,Russia
982,fmccullumr9@bbc.co.uk,Greek,China
983,nwentworthra@ibm.com,Burmese,Nigeria
984,spitkeathlyrb@home.pl,Portuguese,Czech Republic
985,kyelleprc@census.gov,Malagasy,Austria
986,mbensusanrd@microsoft.com,Dutch,Malaysia
987,lgassre@timesonline.co.uk,Fijian,Cape Verde
988,mdyterrf@gmpg.org,Tetum,Cameroon
989,egrievsonrg@hubpages.com,Icelandic,Ireland
990,fbibbyrh@deviantart.com,Icelandic,Bolivia
991,kendleri@ucoz.com,Bislama,Greece
992,nschultesrj@arstechnica.com,Punjabi,China
993,zheaselgraverk@newyorker.com,Arabic,Honduras
994,egirardrl@arstechnica.com,Guaraní,Serbia
995,gwalklottrm@omniture.com,West Frisian,France
996,selstonrn@buzzfeed.com,Sotho,Belarus
997,jlichtfothro@adobe.com,Bislama,China
998,siblerp@ow.ly,Tajik,China
999,sbuxcyrq@imageshack.us,Persian,Poland
1000,hbrimleyrr@hao123.com,Thai,Japan
